<?xml version="1.0" encoding="utf-8"?>
<!DOCTYPE install SYSTEM "http://www.jfusion.org/xml/dtd/1.5/plugin-install.dtd">
<install type="jfusion" version="1.5.0">
	<name>vbulletin</name>
	<creationDate>June 2008</creationDate>
	<author>JFusion Development Team</author>
	<authorEmail>webmaster@jfusion.org</authorEmail>
	<authorUrl>www.jfusion.org</authorUrl>
	<copyright>Copyright (C) 2008 JFusion. All rights reserved.</copyright>
	<license>http://www.gnu.org/licenses/gpl-2.0.html GNU/GPL</license>
	<version>1.7.8-000</version>
	<description>vBulletin plugin for JFusion</description>
	<slave>0</slave>
	<dual_login>0</dual_login>
	<search>1</search>
	<activity>1</activity>
	<discussion>1</discussion>
	
	<files>
		<filename>admin.php</filename>
		<filename>auth.php</filename>
		<filename>forum.php</filename>
		<filename>helper.php</filename>
		<filename>hooks.php</filename>
		<filename>index.html</filename>
		<filename>jfusion.xml</filename>
		<filename>public.php</filename>
		<filename>search.xml</filename>
		<filename>user.php</filename>
		<folder>yui</folder>
	</files>
	
	<administration>
		<languages>
			<language tag="de-DE">language/de-DE.com_jfusion.plg_vbulletin.ini</language>
			<language tag="en-GB">language/en-GB.com_jfusion.plg_vbulletin.ini</language>
			<language tag="fr-FR">language/fr-FR.com_jfusion.plg_vbulletin.ini</language>
			<language tag="nl-NL">language/nl-NL.com_jfusion.plg_vbulletin.ini</language>
			<language tag="zh-CN">language/zh-CN.com_jfusion.plg_vbulletin.ini</language>
		</languages>
	</administration>
	
	<params addpath="/administrator/components/com_jfusion/elements">
		<param name="jfusionbox" type="text" default=""
			label="PLUGIN_GENERAL_DETAILS" description="" />
		<param name="description" type="text" size="60" label="DESCRIPTION"
			default="vBulletin 3.x and 4.x plugin" description="DESCRIPTION_DESC" />
		<param name="source_url" type="text" size="60" label="SOURCE_URL"
			default="http://www.yourdomain.com/yourdir/" description="SOURCE_URL_DESC" />
		<param name="source_path" type="text" size="60" label="SOURCE_PATH"
			default="" description="SOURCE_PATH_DESC" />
		<param name="vb4_base_file" type="list" label="VB4_BASE_FILE"
		    default="forum.php" description="VB4_BASE_FILE_DESC">
		      <option value="index.php">index.php</option>
		      <option value="forum.php">forum.php</option>    
	    </param>
		<param name="allow_sef" type="radio" default="1" label="ALLOW_VB_SEF"
			description="ALLOW_VB_SEF_DESCR">
			<option value="1">JYES</option>
			<option value="0">JNO</option>
		</param>
		<param name="@spacer" type="spacer" default="" label=""
			description="" />
		<param name="login_identifier" type="list" label="LOGIN_IDENTIFIER"
			default="1" description="LOGIN_IDENTIFIER_DESC">
			<option value="1">USERNAME</option>
			<option value="2">EMAIL</option>
			<option value="3">USERNAME_OR_EMAIL</option>
		</param>

		<param name="jfusionbox" type="text" default="" label="DATABASE_OPTIONS"
			description="" />
		<param name="database_type" type="text" size="20" label="DATABASE_TYPE"
			default="mysql" description="DATABASE_TYPE_DESC" />
		<param name="database_host" type="text" size="20" label="DATABASE_HOST"
			default="" description="DATABASE_HOST_DESC" />
		<param name="database_name" type="text" size="20" label="DATABASE_NAME"
			default="" description="DATABASE_NAME_DESC" />
		<param name="database_user" type="text" size="20" label="DATABASE_USER"
			default="" description="DATABASE_USER_DESC" />
		<param name="database_password" type="password" size="20"
			label="DATABASE_PASSWORD" default="" description="DATABASE_PASSWORD_DESC" />
		<param name="database_prefix" type="text" size="20" label="DATABASE_PREFIX"
			default="" description="DATABASE_PREFIX_DESC" />
		<param name="database_charset" type="text" size="20"
			label="DATABASE_CHARSET" default="utf8" description="DATABASE_CHARSET_DESC" />

		<param name="jfusionbox" type="text" default="" label="USER_OPTIONS"
			description="" />
		<param name="name_field" type="JFusionCustomParam" label="NAME_FIELD_OPTION"
			description="NAME_FIELD_OPTION_DESCR" />
		<param name="@spacer" type="spacer" default="" label=""
			description="" />
		<param name="usergroup" default="" type="JFusionCustomParam"
			label="USERGROUP_MANAGEMENT" description="ADVANCED_USERGROUP" />
		<param name="activationgroup" type="JFusionUsergroups"
			description="DEFAULT_ACTIVATIONGROUP" label="DEFAULT_ACTIVATIONGROUP" />
		<param name="bannedgroup" type="JFusionUsergroups" description="DEFAULT_BANNEDGROUP"
			label="DEFAULT_BANNEDGROUP" />
		<param name="@spacer" type="spacer" default="" label=""
			description="" />
		<param name="block_coppa_users" type="radio" default="1"
			label="BLOCK_COPPA_USERS" description="BLOCK_COPPA_USERS_DESCR">
			<option value="1">JYES</option>
			<option value="0">JNO</option>
		</param>
		<param name="@spacer" type="spacer" default="" label=""
			description="" />
		<param name="update_activation" type="list" default="1"
			label="UPDATE_ACTIVATION" description="UPDATE_ACTIVATION_DESC">
			<option value="1">JYES</option>
			<option value="0">JNO</option>
		</param>
		<param name="update_email" type="list" default="1" label="UPDATE_EMAIL"
			description="UPDATE_EMAIL_DESC">
			<option value="1">JYES</option>
			<option value="0">JNO</option>
		</param>
		<param name="update_block" type="list" default="1" label="UPDATE_BLOCK"
			description="UPDATE_BLOCK_DESC">
			<option value="1">JYES</option>
			<option value="0">JNO</option>
		</param>
		<param name="blockmessage" type="text" size="60" label="BLOCKMESSAGE"
			description="BLOCKMESSAGE_DESCR" />
		<param name="create_inactive" type="list" default="1"
			label="CREATE_INACTIVE" description="CREATE_INACTIVE_DESC">
			<option value="1">JYES</option>
			<option value="0">JNO</option>
		</param>
		<param name="create_blocked" type="list" default="1"
			label="CREATE_BLOCKED" description="CREATE_BLOCKED_DESC">
			<option value="1">JYES</option>
			<option value="0">JNO</option>
		</param>
		<param name="@spacer" type="spacer" default="" label=""
			description="" />
		<param name="allow_delete_users" type="list" default="0"
			label="ALLOW_DELETE_USERS" description="ALLOW_DELETE_USERS_DESCR">
			<option value="1">JYES</option>
			<option value="0">JNO</option>
		</param>

		<param name="jfusionbox" type="text" default=""
			label="CURL_OPTIONS_COOKIE" description="" />
		<param name="cookie_domain" type="text" size="60"
			label="CURL_COOKIE_DOMAIN" default="" description="CURL_COOKIE_DOMAIN_DESC" />
		<param name="cookie_path" type="text" size="60" label="CURL_COOKIE_PATH"
			default="" description="CURL_COOKIE_PATH_DESC" />
		<param name="cookie_prefix" type="text" size="20" default="bb"
			description="COOKIE_PREFIX" label=""/>
		<param name="cookie_salt" type="text" size="60" default=""
			label="COOKIE_SALT_STR" description="VB_COOKIE_SALT_DESCR" />
		<param name="cookie_expires" type="text" size="5" label="COOKIE_EXPIRES"
			default="240" description="COOKIE_EXPIRES_DESC" />
		<param name="secure" type="list" default="0" label="COOKIE_SECURE"
			description="COOKIE_SECURE_DESC">
			<option value="1">JYES</option>
			<option value="0">JNO</option>
		</param>
		<param name="httponly" type="list" default="0" label="COOKIE_HTTPONLY"
			description="COOKIE_HTTPONLY_DESC">
			<option value="1">JYES</option>
			<option value="0">JNO</option>
		</param>

		<param name="jfusionbox" type="text" default="" label="MOD_OPTIONS"
			description="" />
		<param name=" " type="helptext" default="VB_HOOKS_DESC" label=""/>
		<param name=" " type="helptext" default="VB_HOOKS_NOTE" label=""/>
		<param name="vb_secret" default='' type="Secret" label="VB_SECRET"
			description="VB_SECRET_DESC" />
		<param name="plugin_itemid" default='' type="JFusionItemid"
			label="VB_REDIRECT_ITEMID" description='VB_REDIRECT_ITEMID_DESC' />
		<param name="redirect_ignore" default="" type="text" size="60"
			label="VB_REDIRECT_IGNORE" description="VB_REDIRECT_IGNORE_DESCR" />
		<param name=" " type="helptext" default="SPECIAL_FOLDERS_DESCR" label=""/>
		<param name="admincp" type="text" size="20" label="ADMINCP"
			default="admincp" />
		<param name="modcp" type="text" size="20" label="MODCP" default="modcp" />
		<param name="@spacer" type="spacer" default="" label=""
			description="" />
		<param name=" " type="helptext" default="VB_HOOKS_DESC" label=""/>
		<param name="showHook" default="jfvbtask" type="JFusionCustomParam"
			label='VB_API_HOOK' description="VB_API_HOOK_DESC" />
		<param name="showHook" default="frameless" type="JFusionCustomParam"
			label='VB_FRAMELESS_HOOK' description="VB_FRAMELESS_HOOK_DESC" />
		<param name="showHook" default="redirect" type="JFusionCustomParam"
			label='VB_REDIRECT_HOOK' description="VB_REDIRECT_HOOK_DESC" />
		<param name="showHook" default="duallogin" type="JFusionCustomParam"
			label='VB_DUALLOGIN_HOOK' description="VB_DUALLOGIN_HOOK_DESC" />
		<!-- <param name=" " type="helptext" default="VB_GLOBALFIX_HOOK_DESC"/> 
			<param name="showHook" default="globalfix" type="JFusionCustomParam" label='VB_GLOBALFIX_HOOK' 
			description="VB_GLOBALFIX_HOOK"/> -->
		<param name="hook_name" default="" type="hidden" label=''
			description='' />
		<param name="hook_action" default="" type="hidden" label=''
			description='' />

		<param name="jfusionbox" type="text" default=""
			label="FRAMELESS_INTEGRATION_OPTIONS" description="" />
		<param name="sefmode" type="list" default="0" label="SEFMODE"
			description="SEFMODE">
			<option value="1"><![CDATA[yourdomain.com/index.php/menu_name/filename.php/option1,value1/option2,value2]]></option>
			<option value="0"><![CDATA[yourdomain.com/index.php/menu_name/filename.php?option1=value1&option2=value2]]></option>
		</param>
		<param name=" " type="helptext" default="VB_FRAMELESS_OPTIMIZATION_DESC" label=""/>
		<param name="showHook" default="framelessoptimization" type="JFusionCustomParam"
			label='VB_FRAMELESS_OPTIMIZATION' description="VB_FRAMELESS_OPTIMIZATION" />
		<param name=" " type="helptext" default="VB_FRAMELESS_PARSE_CSS_DESCR" label=""/>
		<param name="parseCSS" default="0" type="radio" label='VB_FRAMELESS_PARSE_CSS'
			description="VB_FRAMELESS_PARSE_CSS">
			<option value="1">JYES</option>
			<option value="0">JNO</option>
		</param>
		<param name=" " type="helptext" default="URL_OPTIONS_DESCR" label=""/>
		<param name="lostpassword_url" label="LOST_PASSWORD_URL" type="text"
			size="50" default="" description="LOST_PASSWORD_URL" />
		<param name="register_url" label="REGISTER_URL" type="text"
			size="50" default="" description="REGISTER_URL" />


	</params>
</install>